Workbook

Sheet Premissas
A1: Modelo de Sazonalizacao - premissas (celulas amarelas = entradas, valores ficticios)
A3: Preco do contrato (R$/MWh) | B3: 260
A4: Flex mensal (+/- %) | B4: 0.1
A5: Limiar de PLD para sobrecontratar (R$/MWh) | B5: =B3 -> 260
A7: Leitura: custo = SOMA[ C x P + (Q - C) x PLD ]. Resultado da sazonalizacao = SOMA[(Q-C) x (PLD-P)].

Sheet Simulacao
A1: Mes | B1: Horas | C1: Consumo (MWm) | D1: Consumo Q (MWh) | E1: PLD cenario (R$/MWh) | F1: A) C = consumo (MWh) | G1: B) Flat (MWh) | H1: C) Estrategica (MWh) | I1: Custo A (R$) | J1: Custo B (R$) | K1: Custo C (R$) | L1: Desvio C vs Q (%) | M1: Dentro da flex?
A2: Jan | B2: 744 | C2: 10.8 | D2: =B2*C2 -> 8035.2 | E2: 90 | F2: =D2 -> 8035.2 | G2: =$D$14/$B$14*B2 -> 7640.1666 | H2: =D2*IF(E2>Premissas!$B$5,1+Premissas!$B$4,$P$2) -> 7657.2695 | I2: =F2*Premissas!$B$3+(D2-F2)*E2 -> 2089152 | J2: =G2*Premissas!$B$3+(D2-G2)*E2 -> 2021996.3 | K2: =H2*Premissas!$B$3+(D2-H2)*E2 -> 2024903.8 | L2: =H2/D2-1 -> -0.047034364 | M2: =IF(ABS(L2)<=Premissas!$B$4+0.00001,"OK","FORA DA FLEX") -> OK | O2: Fator p/ meses abaixo do limiar: | P2: =(D14-(1+Premissas!B4)*SUMIF(E2:E13,">"&Premissas!B5,D2:D13))/SUMIF(E2:E13,"<="&Premissas!B5,D2:D13) -> 0.95296564
A3: Fev | B3: 672 | C3: 11.2 | D3: =B3*C3 -> 7526.4 | E3: 80 | F3: =D3 -> 7526.4 | G3: =$D$14/$B$14*B3 -> 6900.7956 | H3: =D3*IF(E3>Premissas!$B$5,1+Premissas!$B$4,$P$2) -> 7172.4006 | I3: =F3*Premissas!$B$3+(D3-F3)*E3 -> 1956864 | J3: =G3*Premissas!$B$3+(D3-G3)*E3 -> 1844255.2 | K3: =H3*Premissas!$B$3+(D3-H3)*E3 -> 1893144.1 | L3: =H3/D3-1 -> -0.047034364 | M3: =IF(ABS(L3)<=Premissas!$B$4+0.00001,"OK","FORA DA FLEX") -> OK
A4: Mar | B4: 744 | C4: 11 | D4: =B4*C4 -> 8184 | E4: 85 | F4: =D4 -> 8184 | G4: =$D$14/$B$14*B4 -> 7640.1666 | H4: =D4*IF(E4>Premissas!$B$5,1+Premissas!$B$4,$P$2) -> 7799.0708 | I4: =F4*Premissas!$B$3+(D4-F4)*E4 -> 2127840 | J4: =G4*Premissas!$B$3+(D4-G4)*E4 -> 2032669.2 | K4: =H4*Premissas!$B$3+(D4-H4)*E4 -> 2060477.4 | L4: =H4/D4-1 -> -0.047034364 | M4: =IF(ABS(L4)<=Premissas!$B$4+0.00001,"OK","FORA DA FLEX") -> OK
A5: Abr | B5: 720 | C5: 10.4 | D5: =B5*C5 -> 7488 | E5: 110 | F5: =D5 -> 7488 | G5: =$D$14/$B$14*B5 -> 7393.7096 | H5: =D5*IF(E5>Premissas!$B$5,1+Premissas!$B$4,$P$2) -> 7135.8067 | I5: =F5*Premissas!$B$3+(D5-F5)*E5 -> 1946880 | J5: =G5*Premissas!$B$3+(D5-G5)*E5 -> 1932736.4 | K5: =H5*Premissas!$B$3+(D5-H5)*E5 -> 1894051 | L5: =H5/D5-1 -> -0.047034364 | M5: =IF(ABS(L5)<=Premissas!$B$4+0.00001,"OK","FORA DA FLEX") -> OK
A6: Mai | B6: 744 | C6: 9.8 | D6: =B6*C6 -> 7291.2 | E6: 150 | F6: =D6 -> 7291.2 | G6: =$D$14/$B$14*B6 -> 7640.1666 | H6: =D6*IF(E6>Premissas!$B$5,1+Premissas!$B$4,$P$2) -> 6948.263 | I6: =F6*Premissas!$B$3+(D6-F6)*E6 -> 1895712 | J6: =G6*Premissas!$B$3+(D6-G6)*E6 -> 1934098.3 | K6: =H6*Premissas!$B$3+(D6-H6)*E6 -> 1857988.9 | L6: =H6/D6-1 -> -0.047034364 | M6: =IF(ABS(L6)<=Premissas!$B$4+0.00001,"OK","FORA DA FLEX") -> OK
A7: Jun | B7: 720 | C7: 9.2 | D7: =B7*C7 -> 6624 | E7: 220 | F7: =D7 -> 6624 | G7: =$D$14/$B$14*B7 -> 7393.7096 | H7: =D7*IF(E7>Premissas!$B$5,1+Premissas!$B$4,$P$2) -> 6312.4444 | I7: =F7*Premissas!$B$3+(D7-F7)*E7 -> 1722240 | J7: =G7*Premissas!$B$3+(D7-G7)*E7 -> 1753028.4 | K7: =H7*Premissas!$B$3+(D7-H7)*E7 -> 1709777.8 | L7: =H7/D7-1 -> -0.047034364 | M7: =IF(ABS(L7)<=Premissas!$B$4+0.00001,"OK","FORA DA FLEX") -> OK
A8: Jul | B8: 744 | C8: 9 | D8: =B8*C8 -> 6696 | E8: 300 | F8: =D8 -> 6696 | G8: =$D$14/$B$14*B8 -> 7640.1666 | H8: =D8*IF(E8>Premissas!$B$5,1+Premissas!$B$4,$P$2) -> 7365.6 | I8: =F8*Premissas!$B$3+(D8-F8)*E8 -> 1740960 | J8: =G8*Premissas!$B$3+(D8-G8)*E8 -> 1703193.3 | K8: =H8*Premissas!$B$3+(D8-H8)*E8 -> 1714176 | L8: =H8/D8-1 -> 0.1 | M8: =IF(ABS(L8)<=Premissas!$B$4+0.00001,"OK","FORA DA FLEX") -> OK
A9: Ago | B9: 744 | C9: 9.4 | D9: =B9*C9 -> 6993.6 | E9: 380 | F9: =D9 -> 6993.6 | G9: =$D$14/$B$14*B9 -> 7640.1666 | H9: =D9*IF(E9>Premissas!$B$5,1+Premissas!$B$4,$P$2) -> 7692.96 | I9: =F9*Premissas!$B$3+(D9-F9)*E9 -> 1818336 | J9: =G9*Premissas!$B$3+(D9-G9)*E9 -> 1740748 | K9: =H9*Premissas!$B$3+(D9-H9)*E9 -> 1734412.8 | L9: =H9/D9-1 -> 0.1 | M9: =IF(ABS(L9)<=Premissas!$B$4+0.00001,"OK","FORA DA FLEX") -> OK
A10: Set | B10: 720 | C10: 10 | D10: =B10*C10 -> 7200 | E10: 450 | F10: =D10 -> 7200 | G10: =$D$14/$B$14*B10 -> 7393.7096 | H10: =D10*IF(E10>Premissas!$B$5,1+Premissas!$B$4,$P$2) -> 7920 | I10: =F10*Premissas!$B$3+(D10-F10)*E10 -> 1872000 | J10: =G10*Premissas!$B$3+(D10-G10)*E10 -> 1835195.2 | K10: =H10*Premissas!$B$3+(D10-H10)*E10 -> 1735200 | L10: =H10/D10-1 -> 0.1 | M10: =IF(ABS(L10)<=Premissas!$B$4+0.00001,"OK","FORA DA FLEX") -> OK
A11: Out | B11: 744 | C11: 10.6 | D11: =B11*C11 -> 7886.4 | E11: 380 | F11: =D11 -> 7886.4 | G11: =$D$14/$B$14*B11 -> 7640.1666 | H11: =D11*IF(E11>Premissas!$B$5,1+Premissas!$B$4,$P$2) -> 8675.04 | I11: =F11*Premissas!$B$3+(D11-F11)*E11 -> 2050464 | J11: =G11*Premissas!$B$3+(D11-G11)*E11 -> 2080012 | K11: =H11*Premissas!$B$3+(D11-H11)*E11 -> 1955827.2 | L11: =H11/D11-1 -> 0.1 | M11: =IF(ABS(L11)<=Premissas!$B$4+0.00001,"OK","FORA DA FLEX") -> OK
A12: Nov | B12: 720 | C12: 10.9 | D12: =B12*C12 -> 7848 | E12: 250 | F12: =D12 -> 7848 | G12: =$D$14/$B$14*B12 -> 7393.7096 | H12: =D12*IF(E12>Premissas!$B$5,1+Premissas!$B$4,$P$2) -> 7478.8743 | I12: =F12*Premissas!$B$3+(D12-F12)*E12 -> 2040480 | J12: =G12*Premissas!$B$3+(D12-G12)*E12 -> 2035937.1 | K12: =H12*Premissas!$B$3+(D12-H12)*E12 -> 2036788.7 | L12: =H12/D12-1 -> -0.047034364 | M12: =IF(ABS(L12)<=Premissas!$B$4+0.00001,"OK","FORA DA FLEX") -> OK
A13: Dez | B13: 744 | C13: 11 | D13: =B13*C13 -> 8184 | E13: 140 | F13: =D13 -> 8184 | G13: =$D$14/$B$14*B13 -> 7640.1666 | H13: =D13*IF(E13>Premissas!$B$5,1+Premissas!$B$4,$P$2) -> 7799.0708 | I13: =F13*Premissas!$B$3+(D13-F13)*E13 -> 2127840 | J13: =G13*Premissas!$B$3+(D13-G13)*E13 -> 2062580 | K13: =H13*Premissas!$B$3+(D13-H13)*E13 -> 2081648.5 | L13: =H13/D13-1 -> -0.047034364 | M13: =IF(ABS(L13)<=Premissas!$B$4+0.00001,"OK","FORA DA FLEX") -> OK
A14: Total/Media | B14: =SUM(B2:B13) -> 8760 | C14: =D14/B14 -> 10.269041 | D14: =SUM(D2:D13) -> 89956.8 | F14: =SUM(F2:F13) -> 89956.8 | G14: =SUM(G2:G13) -> 89956.8 | H14: =SUM(H2:H13) -> 89956.8 | I14: =SUM(I2:I13) -> 23388768 | J14: =SUM(J2:J13) -> 22976449 | K14: =SUM(K2:K13) -> 22698396
A15: Custo medio (R$/MWh) | I15: =I14/$D$14 -> 260 | J15: =J14/$D$14 -> 255.41648 | K15: =K14/$D$14 -> 252.32552
A16: Diferenca vs A (R$/ano) | J16: =I14-J14 -> 412318.55 | K16: =I14-K14 -> 690371.75
A18: Troque a coluna E (PLD) para testar cenarios. Veja se a coluna M acusa FORA DA FLEX.

Sheet Cenarios_PLD
A1: Cenarios de PLD para copiar na coluna E da aba Simulacao (R$/MWh, ficticios)
A3: Mes | B3: Base | C3: Umido | D3: Seco extremo | E3: Adverso (invertido)
A4: Jan | B4: 90 | C4: 60 | D4: 150 | E4: 140
A5: Fev | B5: 80 | C5: 55 | D5: 140 | E5: 250
A6: Mar | B6: 85 | C6: 60 | D6: 150 | E6: 380
A7: Abr | B7: 110 | C7: 65 | D7: 200 | E7: 450
A8: Mai | B8: 150 | C8: 70 | D8: 300 | E8: 380
A9: Jun | B9: 220 | C9: 80 | D9: 450 | E9: 300
A10: Jul | B10: 300 | C10: 90 | D10: 600 | E10: 220
A11: Ago | B11: 380 | C11: 100 | D11: 700 | E11: 150
A12: Set | B12: 450 | C12: 110 | D12: 750 | E12: 110
A13: Out | B13: 380 | C13: 100 | D13: 700 | E13: 85
A14: Nov | B14: 250 | C14: 80 | D14: 500 | E14: 80
A15: Dez | B15: 140 | C15: 70 | D15: 300 | E15: 90
